{"cameraMode":{"drawMode":0,"name":"Shaded","section":"Shading Mode"},"sceneLighting":false,"audioPlay":false,"sceneViewState":{"showFog":false,"showMaterialUpdate":false,"showSkybox":false,"showFlares":false,"showImageEffects":false,"showParticleSystems":false},"in2DMode":false,"pivot":{"x":0.07161104679107666,"y":0.051590293645858768,"z":-0.009302735328674317},"rotation":{"x":0.14353179931640626,"y":0.2156982719898224,"z":0.032072920352220538,"w":-0.9653632640838623},"size":0.7911845445632935,"orthographic":false}