{"cameraMode":{"drawMode":0,"name":"Shaded","section":"Shading Mode"},"sceneLighting":true,"audioPlay":false,"sceneViewState":{"showFog":false,"showMaterialUpdate":false,"showSkybox":true,"showFlares":false,"showImageEffects":false,"showParticleSystems":false},"in2DMode":false,"pivot":{"x":136.20291137695313,"y":79.3864974975586,"z":92.9918212890625},"rotation":{"x":0.15171775221824647,"y":0.7311645746231079,"z":-0.17263993620872498,"w":0.6423646211624146},"size":6.6954169273376469,"orthographic":false}