{"cameraMode":{"drawMode":0,"name":"Shaded","section":"Shading Mode"},"sceneLighting":true,"audioPlay":false,"sceneViewState":{"showFog":false,"showMaterialUpdate":false,"showSkybox":true,"showFlares":false,"showImageEffects":false,"showParticleSystems":false},"in2DMode":false,"pivot":{"x":-44.46459197998047,"y":29.38250732421875,"z":314.5336608886719},"rotation":{"x":0.2347003072500229,"y":-0.08755913376808167,"z":0.021329084411263467,"w":0.9679121375083923},"size":90.48839569091797,"orthographic":false}