{"cameraMode":{"drawMode":0,"name":"Shaded","section":"Shading Mode"},"sceneLighting":false,"audioPlay":false,"sceneViewState":{"showFog":false,"showMaterialUpdate":false,"showSkybox":false,"showFlares":false,"showImageEffects":false,"showParticleSystems":false},"in2DMode":false,"pivot":{"x":-47.67570495605469,"y":25.580814361572267,"z":9.044244766235352},"rotation":{"x":0.03407181426882744,"y":-0.7494505643844605,"z":-0.038723964244127277,"w":-0.660082221031189},"size":19.42852210998535,"orthographic":false}