{"cameraMode":{"drawMode":0,"name":"Shaded","section":"Shading Mode"},"sceneLighting":true,"audioPlay":false,"sceneViewState":{"showFog":false,"showMaterialUpdate":false,"showSkybox":true,"showFlares":false,"showImageEffects":false,"showParticleSystems":false},"in2DMode":false,"pivot":{"x":390.51104736328127,"y":-1.6789398193359376,"z":67.23501586914063},"rotation":{"x":0.052732281386852267,"y":0.1560891568660736,"z":-0.008255110122263432,"w":0.9863297343254089},"size":16.902490615844728,"orthographic":false}