{"cameraMode":{"drawMode":0,"name":"Shaded","section":"Shading Mode"},"sceneLighting":true,"audioPlay":false,"sceneViewState":{"showFog":false,"showMaterialUpdate":false,"showSkybox":true,"showFlares":false,"showImageEffects":false,"showParticleSystems":false},"in2DMode":false,"pivot":{"x":28.385913848876954,"y":259.10406494140627,"z":4.541801452636719},"rotation":{"x":-0.3585975468158722,"y":-0.16460376977920533,"z":0.06438621133565903,"w":-0.9166518449783325},"size":66.10429382324219,"orthographic":false}