{"cameraMode":{"drawMode":0,"name":"Shaded","section":"Shading Mode"},"sceneLighting":false,"audioPlay":false,"sceneViewState":{"showFog":false,"showMaterialUpdate":false,"showSkybox":false,"showFlares":false,"showImageEffects":false,"showParticleSystems":false},"in2DMode":false,"pivot":{"x":-0.24079465866088868,"y":3.9366884231567385,"z":0.30931997299194338},"rotation":{"x":0.01079699955880642,"y":0.23266972601413728,"z":0.002580594038590789,"w":-0.9725345373153687},"size":10.713582992553711,"orthographic":false}