{"cameraMode":{"drawMode":0,"name":"Shaded","section":"Shading Mode"},"sceneLighting":false,"audioPlay":false,"sceneViewState":{"showFog":false,"showMaterialUpdate":false,"showSkybox":false,"showFlares":false,"showImageEffects":false,"showParticleSystems":false},"in2DMode":false,"pivot":{"x":0.6084213256835938,"y":-3.415487766265869,"z":0.17098961770534516},"rotation":{"x":-0.2145644575357437,"y":0.6728793978691101,"z":-0.21390677988529206,"w":-0.6748809814453125},"size":9.197709083557129,"orthographic":false}