{"cameraMode":{"drawMode":0,"name":"Shaded","section":"Shading Mode"},"sceneLighting":false,"audioPlay":false,"sceneViewState":{"showFog":false,"showMaterialUpdate":false,"showSkybox":false,"showFlares":false,"showImageEffects":false,"showParticleSystems":false},"in2DMode":false,"pivot":{"x":-2.2039783000946047,"y":2.871164560317993,"z":-0.5263410806655884},"rotation":{"x":-0.21714365482330323,"y":-0.5300944447517395,"z":0.14262977242469788,"w":-0.8071742057800293},"size":7.343400955200195,"orthographic":false}