{"cameraMode":{"drawMode":0,"name":"Shaded","section":"Shading Mode"},"sceneLighting":true,"audioPlay":false,"sceneViewState":{"showFog":false,"showMaterialUpdate":false,"showSkybox":true,"showFlares":false,"showImageEffects":false,"showParticleSystems":false},"in2DMode":false,"pivot":{"x":281.3150634765625,"y":-6.905952453613281,"z":386.5618896484375},"rotation":{"x":-0.08249711245298386,"y":-0.2304619699716568,"z":0.019612889736890794,"w":-0.9693807363510132},"size":206.1959991455078,"orthographic":false}