{"cameraMode":{"drawMode":0,"name":"Shaded","section":"Shading Mode"},"sceneLighting":false,"audioPlay":false,"sceneViewState":{"showFog":false,"showMaterialUpdate":false,"showSkybox":false,"showFlares":false,"showImageEffects":false,"showParticleSystems":false},"in2DMode":false,"pivot":{"x":4.76837158203125e-7,"y":-0.000006198883056640625,"z":-0.000001430511474609375},"rotation":{"x":-0.04278583824634552,"y":-0.8806312084197998,"z":0.08108529448509217,"w":-0.4648737907409668},"size":7.797755241394043,"orthographic":false}