{"cameraMode":{"drawMode":0,"name":"Shaded","section":"Shading Mode"},"sceneLighting":true,"audioPlay":false,"sceneViewState":{"showFog":false,"showMaterialUpdate":false,"showSkybox":true,"showFlares":false,"showImageEffects":false,"showParticleSystems":false},"in2DMode":false,"pivot":{"x":55.65098190307617,"y":44.88418960571289,"z":126.76264953613281},"rotation":{"x":0.11429735273122788,"y":-0.17542201280593873,"z":0.02060038223862648,"w":0.9776483178138733},"size":38.9630126953125,"orthographic":false}