{"cameraMode":{"drawMode":0,"name":"Shaded","section":"Shading Mode"},"sceneLighting":false,"audioPlay":false,"sceneViewState":{"showFog":false,"showMaterialUpdate":false,"showSkybox":false,"showFlares":false,"showImageEffects":false,"showParticleSystems":false},"in2DMode":false,"pivot":{"x":0.5893206596374512,"y":6.7321014404296879,"z":-1.6710834503173829},"rotation":{"x":-0.17304906249046327,"y":0.2059737741947174,"z":-0.037043701857328418,"w":-0.9624648094177246},"size":4.989034175872803,"orthographic":false}