{"cameraMode":{"drawMode":0,"name":"Shaded","section":"Shading Mode"},"sceneLighting":true,"audioPlay":false,"sceneViewState":{"showFog":false,"showMaterialUpdate":false,"showSkybox":true,"showFlares":false,"showImageEffects":false,"showParticleSystems":false},"in2DMode":false,"pivot":{"x":213.54843139648438,"y":440.1532897949219,"z":-219.48898315429688},"rotation":{"x":-0.4973874092102051,"y":-0.07291774451732636,"z":-0.0419546477496624,"w":0.8634815216064453},"size":0.8660253882408142,"orthographic":false}