{"cameraMode":{"drawMode":0,"name":"Shaded","section":"Shading Mode"},"sceneLighting":true,"audioPlay":false,"sceneViewState":{"showFog":false,"showMaterialUpdate":false,"showSkybox":true,"showFlares":false,"showImageEffects":false,"showParticleSystems":false},"in2DMode":false,"pivot":{"x":-136.99957275390626,"y":-52.22922897338867,"z":100.54838562011719},"rotation":{"x":0.34750309586524966,"y":-0.0030068927444517614,"z":0.0012099609011784196,"w":0.9377052783966065},"size":109.52198028564453,"orthographic":false}