{"cameraMode":{"drawMode":0,"name":"Shaded","section":"Shading Mode"},"sceneLighting":false,"audioPlay":false,"sceneViewState":{"showFog":false,"showMaterialUpdate":false,"showSkybox":false,"showFlares":false,"showImageEffects":false,"showParticleSystems":false},"in2DMode":false,"pivot":{"x":-1.4346479177474976,"y":-1.7645342350006104,"z":7.859747886657715},"rotation":{"x":-0.06955331563949585,"y":-0.9016295075416565,"z":0.3965083062648773,"w":-0.1582166701555252},"size":7.890249729156494,"orthographic":false}