{"cameraMode":{"drawMode":0,"name":"Shaded","section":"Shading Mode"},"sceneLighting":true,"audioPlay":false,"sceneViewState":{"showFog":false,"showMaterialUpdate":false,"showSkybox":true,"showFlares":false,"showImageEffects":false,"showParticleSystems":false},"in2DMode":false,"pivot":{"x":30.64971923828125,"y":183.37437438964845,"z":281.5023193359375},"rotation":{"x":0.05429345741868019,"y":0.926756739616394,"z":-0.34124720096588137,"w":0.14747114479541779},"size":9.738725662231446,"orthographic":false}