{"cameraMode":{"drawMode":0,"name":"Shaded","section":"Shading Mode"},"sceneLighting":false,"audioPlay":false,"sceneViewState":{"showFog":false,"showMaterialUpdate":false,"showSkybox":false,"showFlares":false,"showImageEffects":false,"showParticleSystems":false},"in2DMode":false,"pivot":{"x":0.4099998474121094,"y":-1.5100018978118897,"z":17.55999755859375},"rotation":{"x":0.22495029866695405,"y":0.06519380956888199,"z":-0.015003159642219544,"w":0.9721004962921143},"size":7.343404769897461,"orthographic":false}