{"cameraMode":{"drawMode":0,"name":"Shaded","section":"Shading Mode"},"sceneLighting":true,"audioPlay":false,"sceneViewState":{"showFog":false,"showMaterialUpdate":false,"showSkybox":true,"showFlares":false,"showImageEffects":false,"showParticleSystems":false},"in2DMode":false,"pivot":{"x":199.30996704101563,"y":23.907697677612306,"z":7.252369403839111},"rotation":{"x":-0.16666096448898316,"y":0.7790672183036804,"z":-0.232838973402977,"w":-0.5577602982521057},"size":7.459514617919922,"orthographic":false}