{"cameraMode":{"drawMode":0,"name":"Shaded","section":"Shading Mode"},"sceneLighting":false,"audioPlay":false,"sceneViewState":{"showFog":false,"showMaterialUpdate":false,"showSkybox":false,"showFlares":false,"showImageEffects":false,"showParticleSystems":false},"in2DMode":false,"pivot":{"x":1.5141721963882447,"y":-0.9599618315696716,"z":0.7171250581741333},"rotation":{"x":-0.06668393313884735,"y":-0.9118325114250183,"z":0.3703579306602478,"w":-0.16423927247524262},"size":8.359920501708985,"orthographic":false}