{"cameraMode":{"drawMode":0,"name":"Shaded","section":"Shading Mode"},"sceneLighting":false,"audioPlay":false,"sceneViewState":{"showFog":false,"showMaterialUpdate":false,"showSkybox":false,"showFlares":false,"showImageEffects":false,"showParticleSystems":false},"in2DMode":false,"pivot":{"x":0.0,"y":-0.000003337860107421875,"z":-4.76837158203125e-7},"rotation":{"x":-0.06668393313884735,"y":-0.9118325114250183,"z":0.3703579306602478,"w":-0.16423927247524262},"size":8.062938690185547,"orthographic":false}