{"cameraMode":{"drawMode":0,"name":"Shaded","section":"Shading Mode"},"sceneLighting":true,"audioPlay":false,"sceneViewState":{"showFog":false,"showMaterialUpdate":false,"showSkybox":true,"showFlares":false,"showImageEffects":false,"showParticleSystems":false},"in2DMode":false,"pivot":{"x":-171.00747680664063,"y":26.32944679260254,"z":373.44012451171877},"rotation":{"x":0.029230136424303056,"y":-0.3230054974555969,"z":0.01000254601240158,"w":0.9459115266799927},"size":110.11043548583985,"orthographic":false}