{"cameraMode":{"drawMode":0,"name":"Shaded","section":"Shading Mode"},"sceneLighting":true,"audioPlay":false,"sceneViewState":{"showFog":false,"showMaterialUpdate":false,"showSkybox":false,"showFlares":false,"showImageEffects":false,"showParticleSystems":false},"in2DMode":false,"pivot":{"x":232.65679931640626,"y":141.86630249023438,"z":-52.94816589355469},"rotation":{"x":0.12725618481636048,"y":-0.6975786089897156,"z":0.12801747024059297,"w":0.6934043169021606},"size":22.249788284301759,"orthographic":false}