{"cameraMode":{"drawMode":0,"name":"Shaded","section":"Shading Mode"},"sceneLighting":false,"audioPlay":false,"sceneViewState":{"showFog":false,"showMaterialUpdate":false,"showSkybox":false,"showFlares":false,"showImageEffects":false,"showParticleSystems":false},"in2DMode":false,"pivot":{"x":5.283555030822754,"y":-0.5517673492431641,"z":8.20536994934082},"rotation":{"x":-0.23556853830814362,"y":-0.5993059277534485,"z":0.19052627682685853,"w":-0.7409769296646118},"size":33.086578369140628,"orthographic":false}